{
  "heads": {
    "111": "Nyan Ultimate",
    "222": "Ace of Spades Ultimate",
    "333": "Discomania",
    "444": "Paul Ultimate",
    "555": "Frost King",
    "666": "Pie",
    "777": "Projectionist",
    "888": "Ellie Mesh",
    "999": "Obliterator",
    "000": "Derelict",
    "LZ1": "Lazer",
    "LZ2": "Ross",
    "AK3": "Lazer",
    "BC1": "Lazer",
    "GQ4": "Gold",
    "GG4": "Stained Glass",
    "CW4": "Terminator",
    "IY3": "Pizza",
    "KU2": "Nightstalker",
    "HH3": "Acid",
    "DP4": "Acid",
    "HH2": "???",
    "KI4": "The Ram",
    "AM3": "Bone Daddy",
    "CL6": "???",
    "HT1": "Paul",
    "BC7": "Bone Daddy",
    "FN3": "Cream",
    "AE1": "Plate",
    "ED3": "Cream",
    "HB4": "Paul",
    "ED6": "The Lethal Dimension",
    "HT4": "24K",
    "FS3": "Gold",
    "JX3": "Snow",
    "GQ3": "The Lethal Dimension",
    "GQ5": "Bubblegum",
    "FN4": "Terminator",
    "BO3": "Whiskey",
    "AA1": "Wires",
    "JX2": "Paul",
    "KI3": "Paul",
    "FN8": "Mint",
    "HB1": "Bone Daddy",
    "BO1": "Bone Daddy",
    "AR3": "Pizza",
    "IV1": "Gold",
    "GG1": "Bone Daddy",
    "CF1": "Bone Daddy",
    "FS1": "Cadillac",
    "DJ4": "Dualtone",
    "GG3": "Mac & Cheese",
    "AK2": "Rust",
    "FN6": "Ornament",
    "CF5": "Nightstalker",
    "BC3": "Flaked",
    "AA2": "Sleet",
    "CL5": "Plate",
    "KI2": "The Lethal Dimension",
    "CW2": "Nuke",
    "AR1": "Heatmap",
    "FN7": "Silent Film",
    "BC5": "Sleet",
    "DP1": "Pizza",
    "AE3": "Nyan",
    "FN1": "Wires",
    "CF2": "Milk",
    "KI1": "24K",
    "GQ1": "Mint",
    "BC4": "1960's",
    "CF3": "Pizza",
    "AM1": "Mint",
    "BC2": "???",
    "ED1": "Ol' Faithful",
    "CF4": "The Ram",
    "DJ2": "China",
    "CL2": "China",
    "CL1": "Mesh",
    "HH1": "China",
    "DJ1": "The Lethal Dimension",
    "IV3": "Acrylic",
    "IY1": "Heatmap",
    "CW3": "Electrik",
    "AR2": "Aztec",
    "HT2": "Magma",
    "BC6": "Bowling",
    "ED5": "Hal",
    "DP3": "Plate",
    "FS2": "Plate",
    "CW1": "Cotton Candy",
    "ED4": "Quilt",
    "KU1": "Grass",
    "AM2": "Milk",
    "BO2": "Log",
    "DJ3": "Snow",
    "AK1": "Boss",
    "AE2": "Dazed Piggy",
    "JX1": "Plate",
    "IY2": "Dualtone",
    "HB2": "Mint",
    "CL4": "Whiskey",
    "FN5": "Sterling",
    "DP2": "Sleet",
    "IV2": "Liquid Lavender",
    "GG2": "Acrylic",
    "HB3": "Acrylic",
    "HT3": "Dualtone",
    "CL3": "Rust",
    "GQ2": "Ol' Faithful",
    "ED2": "Milk",
    "FN2": "Log",
    "AA3": "Ol' Faithful"
  },
  "bodies": {
    "111": "Heatwave Ultimate",
    "222": "Plush Ultimate",
    "333": "X Ray Ultimate",
    "444": "Burnt Ultimate",
    "555": "Frost Cage",
    "666": "Carving Ultimate",
    "777": "Cousin Itt",
    "888": "Chrome Ultimate",
    "999": "Luxury Ultimate",
    "000": "Gatsby Ultimate",
    "LZ1": "Seabiscuit",
    "BW5": "Fury",
    "KY4": "Seabiscuit",
    "JG4": "Nuggets",
    "BF5": "Tie Dye",
    "KY2": "Cartoonichrome",
    "ER4": "Luxury",
    "BQ5": "007",
    "BL5": "Doom",
    "AA5": "Cartoon",
    "CX2": "Gatsby",
    "KY1": "Heatwave",
    "KY3": "Black",
    "JG3": "Stars",
    "CX1": "Grate",
    "DS3": "Luxury",
    "CU3": "Tarpie",
    "EV3": "Majesty",
    "AK4": "Giger",
    "BJ3": "Pearl",
    "DC4": "Majesty",
    "BL4": "Tarpie",
    "AT4": "Couch",
    "ER3": "Pearl",
    "GN3": "Giger",
    "FD4": "Eyes",
    "AT3": "Granite",
    "EV1": "Chrome",
    "BW2": "Noob",
    "AA3": "Lord",
    "CB4": "Nuggets",
    "DM3": "X Ray",
    "AK2": "Carbon",
    "FD3": "Sunset",
    "FD2": "Prickles",
    "BW3": "Ocean",
    "BL1": "Black",
    "IO3": "Chrome",
    "EE3": "Forest",
    "DS1": "Tarpie",
    "AK3": "Sunset",
    "DH1": "Rose",
    "BL3": "Maze",
    "CU2": "Lord",
    "EE1": "Rattler",
    "HP3": "Grate",
    "BL2": "Couch",
    "GN2": "Arctic",
    "AT1": "Granite",
    "AA2": "Spaghetti",
    "BF3": "Rust",
    "GN1": "Carbon",
    "DH2": "Sand",
    "BQ1": "Granite",
    "AT2": "Maze",
    "FD1": "OE Dark",
    "AA1": "Giger",
    "EV2": "Peppermint",
    "BW4": "Sticky",
    "DS2": "Burnt",
    "BW1": "Radiance",
    "DH3": "Maze",
    "ER1": "Bag",
    "CU1": "Radiance",
    "IO1": "Waves",
    "CB2": "Bag",
    "BJ1": "Maze",
    "HP1": "Shipped",
    "BF4": "Maple",
    "ER2": "Shipped",
    "BQ2": "OE Dark",
    "AA4": "Lizard",
    "BI1": "Stone",
    "HP2": "OE Light",
    "JG2": "Black",
    "BF2": "Happymeal",
    "BI2": "Shipped",
    "EE2": "Sunset",
    "DM1": "Sky",
    "CB1": "Blood",
    "CB3": "Tat",
    "IO2": "Leeloo",
    "DC2": "Meat",
    "BF1": "Goblin",
    "JG1": "Stars",
    "BQ4": "Crystal Clear",
    "AK1": "Shipped",
    "BQ3": "X Ray",
    "BJ2": "Eyes",
    "DC1": "Bone",
    "DM2": "Inner Rainbow",
    "DC3": "Seafoam"
  },
  "traits": {
    "111": "Peacock Ultimate",
    "222": "Linkinator 3000",
    "333": "None",
    "444": "Null",
    "555": "Nil",
    "666": "Oompah",
    "777": "Gone",
    "888": "Vanished",
    "999": "Golden Guns Ultimate",
    "000": "Stolen",
    "CU3": "Blasters",
    "EY3": "Drip",
    "AP3": "Hydra",
    "AW3": "Test Track",
    "KQ1": "Pop",
    "MO1": "Silver",
    "AZ3": "King Tut",
    "AZ4": "Peacock",
    "AZ1": "Crow",
    "NM1": "Nothing",
    "EV3": "Spectrum",
    "GK1": "Pawn Shop",
    "EY1": "Carbonite",
    "BC1": "101.1 FM",
    "AZ2": "Palace",
    "CU2": "Golden Guns",
    "MX1": "Bling",
    "EY2": "2001",
    "IL2": "Rainbow Morpho",
    "FB2": "Deep Space",
    "GK2": "Bonebox",
    "BC3": "Sap",
    "AS3": "Holographic",
    "OF1": "Paparazzi",
    "BC2": "Bumble Bird",
    "BR3": "Iced",
    "HN3": "Nuclear",
    "AJ3": "Foil",
    "OF2": "Night Vision",
    "MT2": "Purplex",
    "KQ3": "Screamo",
    "MT1": "Hammerheat",
    "AP1": "Scissors",
    "EV2": "Icon",
    "HN2": "Molten Core",
    "JI2": "Black & White",
    "CU1": "Black Parade",
    "MO2": "Heliotropium",
    "DA1": "Ring Blue",
    "AJ1": "Vampire",
    "FB1": "Near Space",
    "AJ2": "Albino",
    "EV1": "Just Wren",
    "DA2": "Ring Green",
    "DE1": "Stock",
    "LG2": "Lumberjack",
    "BR1": "Hefner",
    "JI1": "Technicolor",
    "IL1": "Moth",
    "KQ2": "R&B",
    "GK3": "Splatter",
    "AW2": "LV-426",
    "CD2": "Chromium",
    "AP2": "Phoenix",
    "AS2": "Angler",
    "EH3": "Jeff",
    "HN1": "Pyrex",
    "AS1": "Luna",
    "AW1": "Earth",
    "DA3": "Ring Red",
    "BR2": "Firebird",
    "DE3": "Tactical",
    "EH2": "Fourzin",
    "EH1": "Who",
    "DE2": "Whiteout",
    "LG1": "Contractor",
    "CD1": "Concrete"
  }
}